food_name,gender,PC1,PC2,PC3,PC4,PC5,PC6,PC7,PC8,PC9
6시내고향,male,-0.04763450060379675,0.021261940479043017,-0.2375711306079401,-0.39088915979243755,-0.07568986733833892,-0.30399852777929387,-0.23947975560604004,-0.29558049544168014,-0.1955582573196847
REALPrice바닐라아이스크림,male,-0.40526751108026854,0.09431665643050627,-0.09942429486613073,-0.11809140645334372,0.21059041396215197,-0.21926949863283518,-0.10922937206277547,-0.12551757462578106,-0.10742352279117212
REALPrice초코아이스크림,male,-0.27208038744727003,0.08919437871936624,-0.1169174991291999,-0.15262970601755133,0.1894330445154213,-0.1939455843545194,-0.07726365729946712,-0.11355037672639813,-0.10336983826823032
THE엑설런트바닐라의꿈,male,-0.20936607139467975,-0.34605243388239487,-0.10637122926393941,-0.10459141186043541,0.6257172867181144,-0.4199356742224103,-0.24869636120641864,-0.08588094071278553,0.0038949444474230543
THE엑설런트오리지날,male,-0.3330805560371891,-0.2223025924232739,-0.12265658631707702,-0.14260624625151497,0.4290987918358972,-0.34543910052142196,-0.20836945778495244,-0.12457896554050714,-0.03843089001357188
THE엑설런트클래식,male,-0.3530740431852611,-0.17618605523468647,-0.12979816057314697,-0.15906536108678343,0.35875318107551174,-0.3212913026615796,-0.19590802672850777,-0.13981312420344377,-0.05602388968768219
TRADERS메로나멀티,male,-0.3022193292353615,0.22300828822803623,-0.08105051265623317,-0.09997068514421042,0.21028226854615611,-0.2588852525993163,-0.13611291532246206,-0.10987125148495923,-0.1289675332145797
가나민트초코콘,male,-0.26496159674260866,0.23927173398224033,-0.1294933441896098,-0.213116826734322,0.10231854055988314,-0.2321801288575833,-0.10060017188017596,-0.12730908745798988,-0.13900333626701306
가나아이스모나카,male,-0.346515586600062,0.1285208237494555,-0.15531995393126777,-0.23353626143730208,0.020136950533599752,-0.18946947015029744,-0.09167396928264562,-0.12338653993761309,-0.09820477745305853
가나아이스바,male,0.11974172082991569,0.2241810019261422,-0.1464650670715885,-0.2522086464444916,0.17036019728152343,-0.33816583725547156,-0.20097549802531672,-0.21538696718786857,-0.2186370161974357
가나쿠키크런치콘,male,-0.24626861882337608,0.2321304972482368,-0.139488624048905,-0.21267132898571428,0.014791262970693907,-0.19958336380267389,-0.10266695882586223,-0.1459204150659807,-0.14612818413093065
가나크런치아몬드콘,male,-0.3377036687470413,0.1597629812355255,-0.15775812812116924,-0.24344142103743152,-0.0031769102712750413,-0.19155636013534585,-0.0954029531893686,-0.13552096323724205,-0.11340252411561437
강릉초당인절미순두부아이스크림,male,-0.2965996202583146,0.19485782264093385,-0.1378410329610483,-0.20442048215920292,0.033112968471572635,-0.17453887568646895,-0.07234021528277937,-0.11577384077293816,-0.11520934757170312
강릉초당초코순두부아이스크림,male,-0.5410993042377815,0.020857895408489667,-0.15818002197580974,-0.21114895689939203,-0.005465277598200729,-0.1358493074939673,-0.07357023626131201,-0.1539136867917964,-0.08805762365343901
고디바밀크초콜릿칩아이스크림,male,0.3570059707550227,-0.026839786777466037,-0.15032222788607152,-0.2839107946261811,0.5706378358703154,-0.5344284314703104,-0.30892344117240783,-0.25687744432574083,-0.22168722055408693
고디바벨지안다크초콜릿아이스크림,male,0.1792690524633472,-0.04173990046740469,-0.14610931134092842,-0.2577626203614577,0.5007718553282864,-0.4490454917621311,-0.24364490772278782,-0.21021716142157526,-0.17411913356926395
고디바스트로베리초콜릿칩아이스크림,male,0.06784731171145884,0.17350369664290674,-0.12001994269874551,-0.22045762103059335,0.37050176047566724,-0.40190954717043076,-0.22144721354281413,-0.23059607058899131,-0.23129731226323685
고디바카카오바닐라아이스크림,male,0.018702256721289806,-0.084588522616439,-0.09043181360838205,-0.12911687352131737,0.6273725424747089,-0.44574481974270136,-0.23061133071773174,-0.10296857102499718,-0.08610338505762433
고디바탄자니아다크앤밀크초콜릿아이스크림,male,0.15743470823063468,-0.020210617148589096,-0.14977198645068168,-0.26256775564770396,0.45077860254264346,-0.4559427600559921,-0.25995461667349506,-0.19974609894522552,-0.16371925870117793
고디바탄자니아다크초콜릿바나나아이스크림,male,0.045572212685991084,0.11312752990836339,-0.12233854915322422,-0.21116435807521283,0.3754687114034424,-0.3637419878153288,-0.1724551838056107,-0.1310854980108412,-0.14089608519447808
고디바퐁당초콜릿아이스크림,male,0.21503247433639538,0.1497305406893376,-0.11781294429905008,-0.22134994837201008,0.45369722723379585,-0.4431689675525152,-0.2383553603642632,-0.21072789773720352,-0.22150481555831558
고디바헤이즐넛프랄린아이스크림,male,0.07981407441687978,-0.06434904336070162,-0.16888170409872813,-0.28654667914494775,0.3750927214863358,-0.39520725314432326,-0.21982043668252985,-0.20627028780570822,-0.15163923492332146
곰곰그린티아이스크림,male,-0.23454935569397947,0.04469289357863058,-0.1513114657151972,-0.24340244565866478,0.21275762747410187,-0.29901069062209873,-0.16638798777728558,-0.1958165320671427,-0.1489453982707181
곰곰바닐라아이스크림,male,-0.54901364166339,0.027529084103182735,-0.14128605704278116,-0.19251140107205686,0.08963755698176697,-0.17883891984312608,-0.09253318722882073,-0.15741427605447053,-0.09854675894685959
곰곰스트로베리아이스크림,male,-0.24770602219652824,0.22906039088539207,-0.11111342434603154,-0.1877312624087506,0.21623918323990546,-0.2634480740888293,-0.1171568371753152,-0.17962805518710348,-0.18841869703718186
곰곰초코아이스크림,male,-0.14376643414244136,-0.026726887549103948,-0.13911507384497215,-0.2176800660101964,0.34559964578545554,-0.33020687295166457,-0.16986271163165212,-0.16000518405328856,-0.1184399530409644
곰표밀눈아이스크림,male,-0.25398012599938374,0.22825065011344622,-0.14487872020496936,-0.23232900074262827,0.03031996447486581,-0.2187109398055943,-0.11267320378115774,-0.16114472881323022,-0.15641720150457167
구구콘,male,-0.30425210243168443,0.15169919630384915,-0.1718616683425542,-0.2749576390318703,-0.022739355299333436,-0.21279262732286935,-0.10420834779998939,-0.0916994216388806,-0.07347125216491004
구구콘마다가스카르바닐라,male,-0.3401948354163912,0.06285462745377159,-0.15769102722529926,-0.23738389311942418,0.08363212246139223,-0.23095039203371256,-0.12404878182017574,-0.13208894553489783,-0.09090911025617399
구구콘스타바닐라향&,male,-0.30877981565362317,0.15173309782051636,-0.1695049795629142,-0.2716660956656322,-0.008802972538611363,-0.20269287149797607,-0.1021893619624557,-0.14951530451617798,-0.12169298729716957
구구콘쿠키바닐라,male,-0.3136575090518825,0.11321097367803912,-0.15775649336773417,-0.23873427351595805,0.03711207131017026,-0.1974961690972119,-0.09110608297639473,-0.10327341230044604,-0.0808997245349581
구구콘피넛버터,male,-0.28195671083947826,0.1464919991786002,-0.14571640064169164,-0.21571573413352005,0.04949678462274462,-0.19909888628513617,-0.09582159453039484,-0.11570770161566574,-0.10233837268102336
구구크러스터,male,-0.444387938502557,0.029580325455603334,-0.15359355533870417,-0.21377361883563786,0.05627717581511697,-0.19900752744074987,-0.10015808058242832,-0.0702173155657275,-0.028964089318550885
구구크러스터바닐라,male,-0.4124478607401193,0.11527172027581256,-0.15394442595230767,-0.2284789765378102,0.017802104120709566,-0.20122468905808472,-0.11631058849860244,-0.1657689669201728,-0.12347942945671873
구구크러스터벨기에초코,male,-0.4459958994388566,0.031011606877339018,-0.15468981560758488,-0.2182531660005173,0.05851071578286296,-0.20038845939377342,-0.09856418054799466,-0.06961647730375002,-0.028891929694842985
구구크러스터컵,male,-0.4089087886976893,0.03376170064491607,-0.16561915754046752,-0.24177162849314532,0.03541797197488252,-0.18806441046732944,-0.08630011527362581,-0.07848191385510836,-0.03691193929462777
구슬팡더블초코,male,-0.17122269389375344,-0.2157197607782875,-0.187648406747075,-0.25643353855512746,0.19955767785076306,-0.3022466494661984,-0.21177251113384396,-0.1884721405410939,-0.07596872024935689
구운피스타치오&체리,male,0.022268156579857732,-0.3328699147321912,-0.08908956785084182,-0.09824933658660887,0.8124593512423408,-0.48345934299744525,-0.25290965619441225,-0.07154356928232981,-0.01405157354856498
그래스하퍼아이스크림,male,0.1428895523950462,-0.15141509998515212,-0.13764261166103495,-0.17810436869657295,0.4242651922133894,-0.42194223517054885,-0.26167326113509265,-0.06360656390666937,-0.02195838474620118
그레이프향,male,-0.4839455366316183,0.09965006530084988,-0.13037853179927827,-0.18376880371057333,0.10312551596894404,-0.18901716871191146,-0.09421693012117877,-0.16950079886589156,-0.1305291891972798
그롬젤라도알커피,male,0.013884556659641622,-0.6690992066582743,-0.03728605128543921,0.011143443196585124,1.3226191806810492,-0.6665214336029672,-0.33967524934054094,0.06042443532736973,0.1391619485064699
그루비 블루베리,male,-0.01593412453398866,0.3682986660110878,-0.18972168635668882,-0.34602320300452183,-0.13034471939071962,-0.28767403516581963,-0.20646240805115668,-0.3091120567813157,-0.2940509877994004
그루비 스트라치아텔라,male,0.18653398630745802,0.4276588678731693,-0.2086526096328012,-0.41001694577659487,-0.1215164728287607,-0.3236599130890159,-0.21980108906325047,-0.3596484589741645,-0.35593813122182777
그루비 크로칸티노,male,0.16365984592200367,0.33557266523061213,-0.1951348141564501,-0.317790238635855,-0.20060672898001097,-0.2949729101335572,-0.2727564127960614,-0.37149951766340517,-0.3340471194986969
그루비 피스타치오,male,0.18540536082661893,0.35290035491660343,-0.2168216728507653,-0.39709459624075555,-0.1615189307911864,-0.31472432560707436,-0.2517468344031247,-0.4062340295970065,-0.3693711703395372
그릭요거트,male,-0.4908188188424023,0.14727562828210508,-0.12202143221759329,-0.1666738420553293,0.07411516169870142,-0.13062340665669142,-0.03543476415181869,-0.13533510879267427,-0.11894575377661598
그릭요거트바,male,-0.1731128590752863,0.19089788230393276,-0.16141739151117862,-0.2686353789966654,0.0496149036202157,-0.281209627316442,-0.17928324470939633,-0.23424058387302188,-0.20328349476398916
그릭요거트바스트로베리,male,-0.17697196532240528,0.1943329577160984,-0.16404841615649232,-0.2793862921923761,0.05497539954280606,-0.2845238640036985,-0.17545788462675554,-0.23279857204427593,-0.2031103116670902
그릭요거트콘,male,-0.40999878190934186,0.23668022326369506,-0.1341286890090469,-0.20720902871749225,0.00757755562135386,-0.15803780713465965,-0.053737932448458495,-0.11775773893577392,-0.12125124357456304
그릭요거트홈,male,-0.4908199099579668,0.14661835349864036,-0.12027099263821987,-0.16085974317256269,0.07261794748346251,-0.12814220889187944,-0.035737199985126936,-0.13463685023097755,-0.11834765788273491
그린티,male,0.2986282651944759,-0.06687430885110623,-0.03907985487109282,-0.046439924926119334,0.9005358360535445,-0.5177064139126464,-0.24377432585834788,-0.07955105868109466,-0.10969501650879143
그린티&아몬드아이스크림바,male,0.4005633240388266,-0.36317291953728353,-0.1655217958736031,-0.2682962153398,0.7479167556115086,-0.6132508098763473,-0.38143191615754407,-0.20408812996672362,-0.10587517366166246
그린티마카롱,male,0.3225887778454684,0.24590330608276037,-0.07217813630373694,-0.14897585386842205,0.5780648898073388,-0.3997419632005026,-0.14617201026285676,-0.11278599367955616,-0.1943113050640193
그린티모찌아이스크림,male,-0.018552250987678865,0.41801824864394405,-0.05950187044004127,-0.10812903388356467,0.29455111725055144,-0.2921579744504158,-0.09161484544881349,-0.009510771539810572,-0.12048734115757104
그린티비너스,male,-0.06356366907488842,-0.4032034228648298,-0.09988862661358183,-0.10318665392394666,0.7804600526282682,-0.493548892456487,-0.283312565098987,-0.07744124682764651,0.008755948262477695
그린티아이스크림,male,-0.4828668262352131,0.03312796980570829,-0.16602408709857927,-0.2491072526664083,0.043874209837169,-0.20346856412405506,-0.11704966036327649,-0.18543354995404404,-0.11696092030829637
그린티아이스크림,male,0.12559610168560853,-0.45824795638623617,-0.07489359645382672,-0.06518742073507248,1.0029634303051131,-0.5740880599426375,-0.3162479290260863,-0.06312006585438913,0.008394839870844262
그린티초코바,male,-0.16009652915444333,0.08136292978933932,-0.16048536318006476,-0.24946892169094337,0.1173257046336259,-0.3142045079322176,-0.20950476696436807,-0.2004330559166297,-0.15257765322133066
글라세다쿠아즈그린티,male,-0.1269129390223858,-0.0031871491895399244,-0.09068722965215499,-0.1119398157746,0.44832320792575187,-0.30001653416564383,-0.1414480424486752,-0.15193345814861353,-0.13479953946674808
끌레도르그린티바,male,-0.08187892903854974,-0.22030780958232876,-0.10096847764672022,-0.11120786748067443,0.5924393092578009,-0.38634075341772905,-0.2097718594677728,-0.10979894524641833,-0.05380378080465114
끌레도르더블쿠키페스티벌파인트,male,-0.017987728686438418,-0.09394903742405922,-0.07987053935815472,-0.06439685171150544,0.5163601964811411,-0.35983381612797616,-0.2003616918719875,-0.07030579189992071,-0.052891796147981715
끌레도르딸기콘,male,-0.21592094377499801,0.2292652288393812,-0.11954570628422873,-0.17762267183322836,0.10416086989661522,-0.2070035959590849,-0.0910206309286886,-0.12634998648394968,-0.14113145491315385
끌레도르레드카펫치즈케이크컵,male,0.055732719804611947,-0.13005102887160302,-0.08340465613279102,-0.08173889271889007,0.5975093553677819,-0.41975809824541577,-0.2463233293812024,-0.12421366468114993,-0.09223484640908408
끌레도르레드카펫치즈케이크콘,male,-0.1397359608880015,-0.028460834957675537,-0.0944871599218027,-0.06547033725507925,0.2761220440766052,-0.28887086196344647,-0.20229302734315907,-0.10172581415903492,-0.06877289879389267
끌레도르민트바,male,0.07657914080399737,0.0470956229926414,-0.16978301698832243,-0.28233638725289495,0.2263900352026892,-0.41506589815679334,-0.2795129571979148,-0.2256836451493306,-0.1760227560557495
끌레도르바닐라아몬드콘,male,-0.038490907731153386,0.10011155040516068,-0.1645312535045363,-0.26535746637257557,0.13749295757710767,-0.2954414108467349,-0.17283657477900957,-0.18494814944399232,-0.15561290149638246
끌레도르바닐라파인트,male,-0.0014240581393542408,-0.46929998236527104,-0.10912818497401178,-0.12020892923295919,0.8333925216020588,-0.5414940508927888,-0.32373878014758045,-0.09458185397598155,0.008851436938234529
끌레도르소프트콘리치밀크,male,0.00979911230640081,0.1089254085715276,-0.13529059390585452,-0.1864751331644355,0.16065228755228766,-0.33564405547679865,-0.23449884325079334,-0.16308141894866185,-0.14116035479201983
끌레도르소프트콘쿠키&크림,male,0.00979911230640081,0.1089254085715276,-0.13529059390585452,-0.1864751331644355,0.16065228755228766,-0.33564405547679865,-0.23449884325079334,-0.16308141894866185,-0.14116035479201983
끌레도르쇼콜라치즈케이크컵,male,0.16311484440117524,-0.2644325561828372,-0.049361802390525,-0.012271582323930098,0.8712041615359556,-0.5164835215263263,-0.2913722644046923,-0.05595862848544561,-0.0295203000996371
끌레도르심플리퓨어그린티녹차파인트,male,-0.0762392451927209,-0.21964117159256083,-0.10183678619566928,-0.1132505832830705,0.591098846077689,-0.3873129717001066,-0.2102220319458044,-0.10902511344224085,-0.0534355829933315
끌레도르아몬드크런치바,male,0.2279919700816616,0.11905942759317875,-0.2433736621258036,-0.4313781983599783,-0.04490170157212235,-0.3851075556819153,-0.2882625296249787,-0.30243526766196166,-0.2338237554135569
끌레도르와플콘쿠키,male,-0.344172319516203,0.11556181969355853,-0.11574997720770208,-0.15608647838864406,0.16672715793261156,-0.21710992378527694,-0.10415308373332813,-0.12444507509570629,-0.11000735586172425
끌레도르원스인어블루베리파인트,male,-0.35405758288020706,0.1691924992644276,-0.07357301930300357,-0.07490357616375914,0.25021904274842105,-0.1867167771025519,-0.06417714701165082,-0.10555655174749015,-0.12216853966105173
끌레도르초코프레첼&브라우니청키파인트,male,-0.0994980640011758,0.007481224820026217,-0.12167889516707234,-0.16009560887730356,0.2950677264927427,-0.2893192162308347,-0.153118518618696,-0.10744407575640791,-0.08675115577156166
끌레도르쿠앤크콘,male,0.032749011840169866,0.09379270852940153,-0.13951416125837535,-0.1938704498307165,0.1670901709596754,-0.30223315206210505,-0.1987913601363417,-0.1695264150628097,-0.14791142002641663
나뚜루그린티스트롱,male,0.002236535739794477,-0.3333049484607907,-0.11594591461546043,-0.14890462839090152,0.7132275567202939,-0.468033954021977,-0.25341881344508815,-0.08856840073638096,-0.01639412497465841
나뚜루녹차,male,0.03284577927540326,-0.4355670271869431,-0.09929455777640869,-0.1056467969675592,0.8521269242895666,-0.5114708570467951,-0.2818642856843587,-0.06878991648895977,0.013082363234293869
나뚜루녹차초콜릿바,male,0.24171805938583077,-0.28159852710016126,-0.14018088658439484,-0.2194940501056615,0.7078873501702077,-0.590014835563822,-0.3716201942178501,-0.19176254734603967,-0.10805155678611783
나뚜루다크초콜릿바,male,0.31857236471650724,-0.2954884686090292,-0.15980677695333487,-0.26063113534869553,0.683974786841191,-0.5822703958172573,-0.3539287398972307,-0.1679724226659913,-0.08721559870096487
나뚜루듀오스트로베리&라스베리,male,-0.010357116893339912,-0.34047138996629683,-0.11577022682631007,-0.147524120967855,0.7159027827042876,-0.46593712523315733,-0.253753623502602,-0.09805655729087813,-0.02195931686651097
딸기초콜릿바,male,0.23141298434134994,-0.19633876353454324,-0.11827458661483717,-0.19432161631707293,0.7415406846631997,-0.6170488319579289,-0.3781421919334743,-0.16225529101085848,-0.10744193814363828
나뚜루럼진저레이즌,male,-0.021560664841155524,-0.3855729432817465,-0.07557617596502536,-0.06425147129550597,0.8788084751178199,-0.5159298029156417,-0.27894598766441603,-0.04023842574064607,0.022373202719691974
나뚜루리치더블치즈,male,0.14480824149744298,-0.43037234969659005,-0.08085148344245621,-0.03710111165684639,0.8251198486851051,-0.48214264310407157,-0.2964374301747301,-0.09545780859370052,-0.014837914729448488
나뚜루마다가스카르바닐라콘,male,0.030513399038592445,-0.04493918125010725,-0.15556713611728384,-0.2436386256307219,0.32743334390336176,-0.38449565862471097,-0.22674494390491015,-0.14911024582128346,-0.10485565808046299
나뚜루미니바컬렉션,male,0.2563051720073798,-0.3041999536846121,-0.15821334407648557,-0.25099801094453644,0.6624273241460085,-0.5756603870583472,-0.35703103930509067,-0.16146143104578678,-0.07527652103841732
나뚜루밀크&쿠키바,male,0.173997612560745,0.006152461000651959,-0.20390530965854572,-0.35041270788075024,0.18472708192332618,-0.44214536200494753,-0.307344736022487,-0.24685855774447418,-0.17854363751209262
나뚜루바닐라,male,0.06845026604114028,-0.5191930142762385,-0.07848156629324109,-0.060035418487332556,1.0051352147406387,-0.5580430865058713,-0.3085085122308341,-0.057680569044457314,0.02927619103224808
나뚜루바닐라&아몬드바,male,0.4064965112895697,-0.3448359346749086,-0.19137412054067954,-0.3238001105768272,0.6606011870356774,-0.5935270931379761,-0.3710386309401876,-0.2318268212462503,-0.1247692736801426
나뚜루바닐라초코아몬드,male,0.2870763763851371,-0.3899986520914654,-0.1298472362309124,-0.187460267978285,0.8326098857505465,-0.5770841879764003,-0.33688158051616285,-0.14279755010699524,-0.059389452989693066
나뚜루바닐라클래식,male,0.4207669922595915,-0.4015151705936791,-0.12778580627788735,-0.18869386695472865,0.9004137108900894,-0.6423182679752367,-0.394162653067231,-0.18279142055952186,-0.09477887687004295
나뚜루스트로베리,male,0.012579317507659647,-0.2877489623352306,-0.07452985492513206,-0.07698004386979734,0.8327100664104183,-0.5111168936885848,-0.2788925240646589,-0.08601148947633898,-0.036053422531253876
나뚜루스트로베리치즈케이크,male,0.07783231003972513,-0.2945356667386097,-0.0716760528880814,-0.05115090636932201,0.795784308787744,-0.5138649954492017,-0.3077067877744663,-0.08495116269801316,-0.03183171322467007
나뚜루유자트리니티바,male,0.37910276896237777,-0.1841988140099587,-0.09825920048188246,-0.13085436190886138,0.7476780454137698,-0.5894534220247692,-0.3798805634989371,-0.18553678564925055,-0.13994310234432594
나뚜루제주녹차콘,male,0.058394964053454776,-0.17789708704304358,-0.12999030688785496,-0.1886046321269102,0.5462587463344656,-0.49112780204344936,-0.29726792126357476,-0.10107188057915663,-0.04712752313105344
나뚜루제주녹차쿠키바,male,0.27600069843872943,-0.18380326619143125,-0.1390354379098321,-0.22268816302204122,0.6286467105861729,-0.5696523918047645,-0.3587417082998741,-0.1794932721305006,-0.11847844986725883
나뚜루초코,male,0.053650597011265,-0.4126270568880513,-0.09311609038368177,-0.09571466300396249,0.8590935412518803,-0.5139411483638258,-0.28291603000291704,-0.06917257326133633,0.0052205754677325175
나뚜루초코퍼지브라우니,male,0.19645695256741127,-0.45206275666540713,-0.10867962052590978,-0.1285054454421997,0.8890530828128859,-0.5819921769090867,-0.33617673680962906,-0.052464204135905274,0.02636730880315437
나뚜루초코화이트쿠키바,male,0.4368044444144838,-0.07425394139814914,-0.16343887141061345,-0.297756896650797,0.5554499318922319,-0.5759455602671677,-0.3552667984446709,-0.22766337448726098,-0.1833908795813523