food_name,major_category,sub_category,serving_size,kcal,moisture,carbohydrate,protein,fat,sugar,sodium,cholesterol
6시내고향,빙과류,아이스크림류(축산물가공품),100.0,264.0,0.0,18.18,3.64,19.09,13.64,80.0,11.45
REALPrice바닐라아이스크림,빙과류,아이스크림류(축산물가공품),100.0,130.0,0.0,18.0,2.0,5.4,16.0,60.0,20.0
REALPrice초코아이스크림,빙과류,아이스크림류(축산물가공품),100.0,170.0,0.0,22.0,4.0,6.8,16.0,70.0,20.0
THE엑설런트바닐라의꿈,빙과류,아이스크림류(축산물가공품),100.0,155.0,0.0,13.64,2.45,10.0,12.73,59.0,54.55
THE엑설런트오리지날,빙과류,아이스크림류(축산물가공품),100.0,135.0,0.0,12.0,2.0,9.0,12.0,50.0,40.0
THE엑설런트클래식,빙과류,아이스크림류(축산물가공품),100.0,135.0,0.0,12.0,2.0,9.0,12.0,50.0,35.0
TRADERS메로나멀티,빙과류,아이스크림류(축산물가공품),100.0,156.0,0.0,25.0,1.25,6.25,20.0,69.0,18.75
가나민트초코콘,빙과류,아이스크림류(축산물가공품),100.0,184.0,0.0,25.63,2.5,8.13,18.13,28.0,12.5
가나아이스모나카,빙과류,아이스크림류(축산물가공품),100.0,168.0,0.0,21.43,2.86,7.86,12.86,46.0,10.71
가나아이스바,빙과류,아이스크림류(축산물가공품),100.0,283.0,0.0,30.67,4.0,16.0,24.0,80.0,20.0
가나쿠키크런치콘,빙과류,아이스크림류(축산물가공품),100.0,194.0,0.0,25.29,2.94,8.82,17.06,68.0,8.82
가나크런치아몬드콘,빙과류,아이스크림류(축산물가공품),100.0,174.0,0.0,21.76,2.71,8.24,13.53,44.0,8.82
강릉초당인절미순두부아이스크림,빙과류,아이스크림류(축산물가공품),100.0,177.0,0.0,24.67,3.33,7.33,15.33,59.0,10.0
강릉초당초코순두부아이스크림,빙과류,아이스크림류(축산물가공품),100.0,111.0,0.0,12.11,2.63,5.79,8.95,54.0,9.47
고디바밀크초콜릿칩아이스크림,빙과류,아이스크림류(축산물가공품),100.0,322.0,0.0,27.2,4.8,21.6,27.2,29.0,47.2
고디바벨지안다크초콜릿아이스크림,빙과류,아이스크림류(축산물가공품),100.0,277.0,0.0,24.8,4.8,17.6,23.2,28.0,42.4
고디바스트로베리초콜릿칩아이스크림,빙과류,아이스크림류(축산물가공품),100.0,252.0,0.0,26.4,3.2,15.2,26.4,34.0,29.6
고디바카카오바닐라아이스크림,빙과류,아이스크림류(축산물가공품),100.0,220.0,0.0,24.8,3.2,12.0,21.6,38.0,49.6
고디바탄자니아다크앤밀크초콜릿아이스크림,빙과류,아이스크림류(축산물가공품),100.0,277.0,0.0,25.6,4.0,17.6,22.4,32.0,40.0
고디바탄자니아다크초콜릿바나나아이스크림,빙과류,아이스크림류(축산물가공품),100.0,250.0,0.0,29.6,4.0,12.8,22.4,32.0,32.0
고디바퐁당초콜릿아이스크림,빙과류,아이스크림류(축산물가공품),100.0,289.0,0.0,30.4,4.0,16.8,28.0,40.0,36.0
고디바헤이즐넛프랄린아이스크림,빙과류,아이스크림류(축산물가공품),100.0,260.0,0.0,22.4,4.8,16.8,19.2,32.0,36.0
곰곰그린티아이스크림,빙과류,아이스크림류(축산물가공품),100.0,184.0,0.0,17.72,2.74,11.39,16.67,25.0,22.36
곰곰바닐라아이스크림,빙과류,아이스크림류(축산물가공품),100.0,103.0,0.0,11.39,1.9,5.51,10.97,32.0,13.71
곰곰스트로베리아이스크림,빙과류,아이스크림류(축산물가공품),100.0,177.0,0.0,22.36,2.53,8.65,21.52,20.0,17.3
곰곰초코아이스크림,빙과류,아이스크림류(축산물가공품),100.0,198.0,0.0,19.83,3.59,11.6,17.3,28.0,31.65
곰표밀눈아이스크림,빙과류,아이스크림류(축산물가공품),100.0,194.0,0.0,24.0,2.67,9.33,17.33,49.0,9.33
구구콘,빙과류,아이스크림류(축산물가공품),100.0,191.0,0.0,25.0,2.5,8.75,11.88,31.0,9.38
구구콘마다가스카르바닐라,빙과류,아이스크림류(축산물가공품),100.0,166.0,0.0,19.38,2.5,8.75,12.5,38.0,15.63
구구콘스타바닐라향&,빙과류,아이스크림류(축산물가공품),100.0,182.0,0.0,21.76,2.94,9.41,13.53,35.0,8.82
구구콘쿠키바닐라,빙과류,아이스크림류(축산물가공품),100.0,175.0,0.0,23.13,3.13,8.13,12.5,44.0,12.5
구구콘피넛버터,빙과류,아이스크림류(축산물가공품),100.0,184.0,0.0,23.75,3.13,8.13,14.38,59.0,12.5
구구크러스터,빙과류,아이스크림류(축산물가공품),100.0,145.0,0.0,19.0,2.0,6.0,9.0,40.0,15.0
구구크러스터바닐라,빙과류,아이스크림류(축산물가공품),100.0,150.0,0.0,17.0,2.0,8.0,13.0,45.0,10.0
구구크러스터벨기에초코,빙과류,아이스크림류(축산물가공품),100.0,145.0,0.0,19.0,2.0,6.0,9.0,35.0,15.0
구구크러스터컵,빙과류,아이스크림류(축산물가공품),100.0,152.0,0.0,20.0,2.76,6.9,8.97,34.0,13.79
구슬팡더블초코,빙과류,아이스크림류(축산물가공품),100.0,200.0,0.0,14.0,4.0,14.0,10.0,90.0,30.0
구운피스타치오&체리,빙과류,아이스크림류(축산물가공품),100.0,205.0,0.0,20.0,4.0,12.0,18.0,45.0,65.0
그래스하퍼아이스크림,빙과류,아이스크림류(축산물가공품),100.0,271.0,0.0,30.0,4.0,15.0,16.0,112.0,45.0
그레이프향,빙과류,아이스크림류(축산물가공품),100.0,120.0,0.0,14.0,2.0,6.0,14.0,35.0,13.0
그롬젤라도알커피,빙과류,아이스크림류(축산물가공품),100.0,168.0,0.0,17.0,2.5,10.0,16.0,0.0,100.0
그루비 블루베리,빙과류,아이스크림류(축산물가공품),100.0,273.0,0.0,26.67,2.53,17.33,22.67,68.0,0.0
그루비 스트라치아텔라,빙과류,아이스크림류(축산물가공품),100.0,330.0,0.0,30.67,3.87,21.33,26.67,57.0,0.0
그루비 크로칸티노,빙과류,아이스크림류(축산물가공품),100.0,317.0,0.0,28.0,3.33,21.33,24.0,173.0,0.0
그루비 피스타치오,빙과류,아이스크림류(축산물가공품),100.0,327.0,0.0,26.67,4.0,22.67,25.33,104.0,0.0
그릭요거트,빙과류,아이스크림류(축산물가공품),100.0,115.0,0.0,17.0,3.0,4.2,14.0,40.0,10.0
그릭요거트바,빙과류,아이스크림류(축산물가공품),100.0,218.0,0.0,21.18,2.35,12.94,18.82,53.0,11.76
그릭요거트바스트로베리,빙과류,아이스크림류(축산물가공품),100.0,218.0,0.0,21.18,2.35,12.94,18.82,41.0,11.76
그릭요거트콘,빙과류,아이스크림류(축산물가공품),100.0,150.0,0.0,22.5,2.5,5.63,15.0,31.0,6.25
그릭요거트홈,빙과류,아이스크림류(축산물가공품),100.0,115.0,0.0,17.0,3.0,4.1,14.0,45.0,10.0
그린티,빙과류,아이스크림류(축산물가공품),100.0,270.0,0.0,32.7,4.86,13.24,29.46,60.0,64.86
그린티&아몬드아이스크림바,빙과류,아이스크림류(축산물가공품),100.0,321.0,0.0,22.88,5.13,23.25,20.88,54.0,66.25
그린티마카롱,빙과류,아이스크림류(축산물가공품),100.0,306.0,0.0,40.0,5.94,13.44,31.88,38.0,40.31
그린티모찌아이스크림,빙과류,아이스크림류(축산물가공품),100.0,238.0,0.0,41.86,2.71,6.59,26.36,41.0,21.32
그린티비너스,빙과류,아이스크림류(축산물가공품),100.0,185.0,0.0,16.0,3.0,12.0,15.0,50.0,65.0
그린티아이스크림,빙과류,아이스크림류(축산물가공품),100.0,129.0,0.0,12.0,2.0,8.0,11.0,24.0,12.0
그린티아이스크림,빙과류,아이스크림류(축산물가공품),100.0,218.0,0.0,19.6,3.9,13.7,19.1,53.0,79.0
그린티초코바,빙과류,아이스크림류(축산물가공품),100.0,210.0,0.0,21.11,2.22,13.33,16.67,66.0,18.89
글라세다쿠아즈그린티,빙과류,아이스크림류(축산물가공품),100.0,184.0,0.0,20.71,4.29,9.29,20.71,68.0,35.71
끌레도르그린티바,빙과류,아이스크림류(축산물가공품),100.0,185.0,0.0,19.0,4.0,11.0,17.0,70.0,50.0
끌레도르더블쿠키페스티벌파인트,빙과류,아이스크림류(축산물가공품),100.0,209.0,0.0,26.0,3.8,10.0,19.0,115.0,45.0
끌레도르딸기콘,빙과류,아이스크림류(축산물가공품),100.0,193.0,0.0,26.67,3.33,8.0,18.67,67.0,13.33
끌레도르레드카펫치즈케이크컵,빙과류,아이스크림류(축산물가공품),100.0,225.0,0.0,23.75,3.75,12.5,21.25,106.0,50.0
끌레도르레드카펫치즈케이크콘,빙과류,아이스크림류(축산물가공품),100.0,191.0,0.0,23.75,2.75,9.38,16.25,163.0,31.25
끌레도르민트바,빙과류,아이스크림류(축산물가공품),100.0,270.0,0.0,24.91,2.77,17.99,20.0,69.0,27.68
끌레도르바닐라아몬드콘,빙과류,아이스크림류(축산물가공품),100.0,243.0,0.0,25.33,4.0,14.0,18.0,67.0,20.0
끌레도르바닐라파인트,빙과류,아이스크림류(축산물가공품),100.0,200.0,0.0,15.0,3.0,14.0,15.0,50.0,70.0
끌레도르소프트콘리치밀크,빙과류,아이스크림류(축산물가공품),100.0,253.0,0.0,28.0,2.67,14.0,19.33,127.0,23.33
끌레도르소프트콘쿠키&크림,빙과류,아이스크림류(축산물가공품),100.0,253.0,0.0,28.0,2.67,14.0,19.33,127.0,23.33
끌레도르쇼콜라치즈케이크컵,빙과류,아이스크림류(축산물가공품),100.0,231.0,0.0,26.25,3.75,12.5,22.5,106.0,68.75
끌레도르심플리퓨어그린티녹차파인트,빙과류,아이스크림류(축산물가공품),100.0,190.0,0.0,19.0,4.0,11.0,17.0,70.0,50.0
끌레도르아몬드크런치바,빙과류,아이스크림류(축산물가공품),100.0,339.0,0.0,27.68,4.15,23.53,18.82,83.0,13.84
끌레도르와플콘쿠키,빙과류,아이스크림류(축산물가공품),100.0,151.0,0.0,20.51,2.56,6.67,15.9,56.0,17.95
끌레도르원스인어블루베리파인트,빙과류,아이스크림류(축산물가공품),100.0,135.0,0.0,22.0,3.0,4.0,19.0,70.0,20.0
끌레도르초코프레첼&브라우니청키파인트,빙과류,아이스크림류(축산물가공품),100.0,209.0,0.0,25.0,4.0,10.3,17.0,85.0,30.0
끌레도르쿠앤크콘,빙과류,아이스크림류(축산물가공품),100.0,253.0,0.0,28.0,4.0,14.0,19.33,127.0,23.33
나뚜루그린티스트롱,빙과류,아이스크림류(축산물가공품),100.0,210.0,0.0,19.0,4.0,13.0,16.0,40.0,60.0
나뚜루녹차,빙과류,아이스크림류(축산물가공품),100.0,205.0,0.0,18.0,4.0,13.0,16.0,50.0,70.0
나뚜루녹차초콜릿바,빙과류,아이스크림류(축산물가공품),100.0,283.0,0.0,21.11,3.33,20.0,21.11,50.0,61.11
나뚜루다크초콜릿바,빙과류,아이스크림류(축산물가공품),100.0,306.0,0.0,24.44,4.44,21.11,20.0,44.0,61.11
나뚜루듀오스트로베리&라스베리,빙과류,아이스크림류(축산물가공품),100.0,205.0,0.0,18.0,4.0,13.0,16.0,40.0,60.0
딸기초콜릿바,빙과류,아이스크림류(축산물가공품),100.0,278.0,0.0,24.44,2.22,18.89,23.33,33.0,61.11
나뚜루럼진저레이즌,빙과류,아이스크림류(축산물가공품),100.0,190.0,0.0,19.0,3.0,11.0,17.0,45.0,70.0
나뚜루리치더블치즈,빙과류,아이스크림류(축산물가공품),100.0,225.0,0.0,20.0,5.0,14.0,18.0,140.0,70.0
나뚜루마다가스카르바닐라콘,빙과류,아이스크림류(축산물가공품),100.0,250.0,0.0,25.0,3.75,15.0,17.5,59.0,34.38
나뚜루미니바컬렉션,빙과류,아이스크림류(축산물가공품),100.0,300.0,0.0,22.4,3.76,20.0,18.8,46.0,60.0
나뚜루밀크&쿠키바,빙과류,아이스크림류(축산물가공품),100.0,306.0,0.0,25.56,3.33,21.11,18.89,67.0,27.78
나뚜루바닐라,빙과류,아이스크림류(축산물가공품),100.0,200.0,0.0,17.0,4.0,13.0,17.0,55.0,80.0
나뚜루바닐라&아몬드바,빙과류,아이스크림류(축산물가공품),100.0,333.0,0.0,22.22,5.56,24.44,20.0,44.0,61.11
나뚜루바닐라초코아몬드,빙과류,아이스크림류(축산물가공품),100.0,280.0,0.0,22.0,5.0,19.0,20.0,55.0,70.0
나뚜루바닐라클래식,빙과류,아이스크림류(축산물가공품),100.0,310.0,0.0,23.0,5.0,22.0,23.0,70.0,75.0
나뚜루스트로베리,빙과류,아이스크림류(축산물가공품),100.0,200.0,0.0,20.0,3.0,12.0,20.0,45.0,65.0
나뚜루스트로베리치즈케이크,빙과류,아이스크림류(축산물가공품),100.0,217.0,0.0,22.0,3.0,13.0,20.0,95.0,65.0
나뚜루유자트리니티바,빙과류,아이스크림류(축산물가공품),100.0,306.0,0.0,27.5,3.75,20.0,26.25,113.0,62.5
나뚜루제주녹차콘,빙과류,아이스크림류(축산물가공품),100.0,244.0,0.0,24.38,2.5,15.0,17.5,53.0,50.0
나뚜루제주녹차쿠키바,빙과류,아이스크림류(축산물가공품),100.0,296.0,0.0,25.56,3.33,20.0,22.22,61.0,55.56
나뚜루초코,빙과류,아이스크림류(축산물가공품),100.0,210.0,0.0,19.0,4.0,13.0,17.0,55.0,70.0
나뚜루초코퍼지브라우니,빙과류,아이스크림류(축산물가공품),100.0,250.0,0.0,23.0,4.0,16.0,17.0,60.0,75.0
나뚜루초코화이트쿠키바,빙과류,아이스크림류(축산물가공품),100.0,350.0,0.0,30.0,4.44,23.33,25.56,50.0,50.0